Designator,Val,Package,Mid X,Mid Y,Rotation,Layer
C1,22uF,C_0805,130.65,-23.75,90.0,top
C10,22uF,C_0805,161.55,-23.8,90.0,top
C11,22uF,C_0805,164.6,-23.8,90.0,top
C12,22uF,C_0805,167.65,-23.8,90.0,top
C13,22uF,C_0805,160.6125,-112.8875,-90.0,top
C14,22uF,C_0805,157.5625,-112.8875,-90.0,top
C15,22uF,C_0805,154.6625,-112.8875,-90.0,top
C16,22uF,C_0805,151.6125,-112.8875,-90.0,top
C2,22uF,C_0805,133.7,-23.75,90.0,top
C3,22uF,C_0805,136.75,-23.75,90.0,top
C4,22uF,C_0805,139.8,-23.75,90.0,top
C5,22uF,C_0805,148.5625,-112.8875,-90.0,top
C6,22uF,C_0805,145.5125,-112.8875,-90.0,top
C7,22uF,C_0805,142.4625,-112.8875,-90.0,top
C8,22uF,C_0805,139.4125,-112.8875,-90.0,top
C9,22uF,C_0805,158.5,-23.8,90.0,top
D1,Red,D_0603,88.19,-32.0,180.0,top
D10,Red,D_0603,205.5,-85.3,0.0,top
D11,Red,D_0603,205.5625,-77.3,0.0,top
D12,Red,D_0603,205.5,-73.3,0.0,top
D13,Red,D_0603,205.5,-69.3,0.0,top
D14,Red,D_0603,205.5,-65.3,0.0,top
D15,Red,D_0603,205.5,-61.3,0.0,top
D16,Red,D_0603,205.54,-57.3,0.0,top
D2,Red,D_0603,104.99,-32.0,0.0,top
D24,Red,D_0603,72.99,-32.0,0.0,top
D3,Red,D_0603,120.29,-32.0,180.0,top
D4,Red,D_0603,136.99,-32.0,0.0,top
D5,Red,D_0603,152.19,-32.0,180.0,top
D6,Red,D_0603,168.99,-32.0,0.0,top
D7,Red,D_0603,184.19,-32.0,180.0,top
D8,Red,D_0603,164.6025,-113.8875,0.0,top
D9,Red,D_0603,205.5,-81.3,0.0,top
J1,Conn_01x21_Socket,PinHeader_1x21_P2.54mm_Vertical,80.59,-58.5,0.0,top
J10,Conn_01x08,PinHeader_1x08_P2.54mm_Vertical,74.99,-114.0,90.0,top
J11,Conn_01x08,PinHeader_1x08_P2.54mm_Vertical,109.99,-114.0,90.0,top
J12,Conn_01x08,PinHeader_1x08_P2.54mm_Vertical,57.19,-40.01,0.0,top
J13,Conn_01x02_Pin,PinHeader_1x02_P2.54mm_Vertical,124.87,-23.8,90.0,top
J14,Conn_01x02_Pin,PinHeader_1x02_P2.54mm_Vertical,135.7125,-112.9825,0.0,top
J15,Conn_01x02_Pin,PinHeader_1x02_P2.54mm_Vertical,57.19,-104.195,0.0,top
J2,Conn_01x21_Socket,PinHeader_1x21_P2.54mm_Vertical,112.59,-58.5,0.0,top
J3,Conn_01x21_Socket,PinHeader_1x21_P2.54mm_Vertical,144.59,-58.5,0.0,top
J4,Conn_01x21_Socket,PinHeader_1x21_P2.54mm_Vertical,176.59,-58.5,0.0,top
J5,Conn_01x04_Pin,PinHeader_1x04_P2.54mm_Vertical,57.19,-66.81,0.0,top
J6,Conn_01x02_Pin,PinHeader_1x02_P2.54mm_Vertical,64.73,-23.7,90.0,top
J7,Conn_01x04_Pin,PinHeader_1x04_P2.54mm_Vertical,57.19,-80.01,0.0,top
J8,Conn_01x04_Pin,PinHeader_1x04_P2.54mm_Vertical,57.19,-93.19,0.0,top
J9,Conn_01x08,PinHeader_1x08_P2.54mm_Vertical,204.2,-39.99,0.0,top
Q1,2N7002,SOT-23,69.09,-81.6,180.0,top
Q10,2N7002,SOT-23,73.39,-66.4,180.0,top
Q100,2N7002,SOT-23,169.39,-70.2,180.0,top
Q101,2N7002,SOT-23,169.39,-66.4,180.0,top
Q102,2N7002,SOT-23,169.39,-62.6,180.0,top
Q103,2N7002,SOT-23,169.39,-58.8,180.0,top
Q104,2N7002,SOT-23,169.39,-55.0,180.0,top
Q105,2N7002,SOT-23,165.09,-81.6,180.0,top
Q106,2N7002,SOT-23,165.09,-77.8,180.0,top
Q107,2N7002,SOT-23,165.09,-74.0,180.0,top
Q108,2N7002,SOT-23,165.09,-70.2,180.0,top
Q109,2N7002,SOT-23,165.09,-66.4,180.0,top
Q11,2N7002,SOT-23,69.09,-62.6,180.0,top
Q110,2N7002,SOT-23,165.09,-62.6,180.0,top
Q111,2N7002,SOT-23,165.09,-58.8,180.0,top
Q112,2N7002,SOT-23,165.09,-55.0,180.0,top
Q113,2N7002,SOT-23,183.79,-81.6,0.0,top
Q114,2N7002,SOT-23,183.79,-77.8,0.0,top
Q115,2N7002,SOT-23,183.79,-74.0,0.0,top
Q116,2N7002,SOT-23,183.79,-70.2,0.0,top
Q117,2N7002,SOT-23,183.79,-66.4,0.0,top
Q118,2N7002,SOT-23,183.79,-62.6,0.0,top
Q119,2N7002,SOT-23,183.79,-58.8,0.0,top
Q12,2N7002,SOT-23,73.39,-62.6,180.0,top
Q120,2N7002,SOT-23,183.79,-55.0,0.0,top
Q121,2N7002,SOT-23,188.09,-81.6,0.0,top
Q122,2N7002,SOT-23,188.09,-77.8,0.0,top
Q123,2N7002,SOT-23,188.09,-74.0,0.0,top
Q124,2N7002,SOT-23,188.09,-70.2,0.0,top
Q125,2N7002,SOT-23,188.09,-66.4,0.0,top
Q126,2N7002,SOT-23,188.09,-62.6,0.0,top
Q127,2N7002,SOT-23,188.09,-58.8,0.0,top
Q128,2N7002,SOT-23,188.09,-55.0,0.0,top
Q129,2N7002,SOT-23,61.69,-107.9,90.0,top
Q13,2N7002,SOT-23,69.09,-58.8,180.0,top
Q130,2N7002,SOT-23,65.49,-107.9,90.0,top
Q131,2N7002,SOT-23,69.29,-107.9,90.0,top
Q132,2N7002,SOT-23,73.09,-107.9,90.0,top
Q133,2N7002,SOT-23,76.89,-107.9,90.0,top
Q134,2N7002,SOT-23,80.69,-107.9,90.0,top
Q135,2N7002,SOT-23,84.49,-107.9,90.0,top
Q136,2N7002,SOT-23,88.29,-107.9,90.0,top
Q137,2N7002,SOT-23,96.69,-107.9,90.0,top
Q138,2N7002,SOT-23,100.49,-107.9,90.0,top
Q139,2N7002,SOT-23,104.29,-107.9,90.0,top
Q14,2N7002,SOT-23,73.39,-58.8,180.0,top
Q140,2N7002,SOT-23,108.09,-107.9,90.0,top
Q141,2N7002,SOT-23,111.89,-107.9,90.0,top
Q142,2N7002,SOT-23,115.69,-107.9,90.0,top
Q143,2N7002,SOT-23,119.49,-107.9,90.0,top
Q144,2N7002,SOT-23,123.29,-107.9,90.0,top
Q145,2N7002,SOT-23,69.08,-31.0,0.0,top
Q146,2N7002,SOT-23,92.09,-31.0,180.0,top
Q147,2N7002,SOT-23,101.09,-31.0,0.0,top
Q148,2N7002,SOT-23,124.09,-31.0,180.0,top
Q149,2N7002,SOT-23,133.09,-31.0,0.0,top
Q15,2N7002,SOT-23,69.09,-55.0,180.0,top
Q150,2N7002,SOT-23,156.09,-31.0,180.0,top
Q151,2N7002,SOT-23,165.09,-31.0,0.0,top
Q152,2N7002,SOT-23,188.09,-31.0,180.0,top
Q153,2N7002,SOT-23,201.6,-80.3,0.0,top
Q154,2N7002,SOT-23,201.6,-84.3,0.0,top
Q155,2N7002,SOT-23,201.6,-76.3,0.0,top
Q156,2N7002,SOT-23,201.6,-72.3,0.0,top
Q157,2N7002,SOT-23,201.6,-68.3,0.0,top
Q158,2N7002,SOT-23,201.6,-64.3,0.0,top
Q159,2N7002,SOT-23,201.6,-60.3,0.0,top
Q16,2N7002,SOT-23,73.39,-55.0,180.0,top
Q160,2N7002,SOT-23,201.6,-56.3,0.0,top
Q17,2N7002,SOT-23,105.39,-81.6,180.0,top
Q18,2N7002,SOT-23,105.39,-77.8,180.0,top
Q19,2N7002,SOT-23,105.39,-74.0,180.0,top
Q2,2N7002,SOT-23,73.39,-81.6,180.0,top
Q20,2N7002,SOT-23,105.39,-70.2,180.0,top
Q21,2N7002,SOT-23,105.39,-66.4,180.0,top
Q22,2N7002,SOT-23,105.39,-62.6,180.0,top
Q23,2N7002,SOT-23,105.39,-58.8,180.0,top
Q24,2N7002,SOT-23,105.39,-55.0,180.0,top
Q25,2N7002,SOT-23,101.09,-81.6,180.0,top
Q26,2N7002,SOT-23,101.09,-77.8,180.0,top
Q27,2N7002,SOT-23,101.09,-74.0,180.0,top
Q28,2N7002,SOT-23,101.09,-70.2,180.0,top
Q29,2N7002,SOT-23,101.09,-66.4,180.0,top
Q3,2N7002,SOT-23,69.09,-77.8,180.0,top
Q30,2N7002,SOT-23,101.09,-62.6,180.0,top
Q31,2N7002,SOT-23,101.09,-58.8,180.0,top
Q32,2N7002,SOT-23,101.09,-55.0,180.0,top
Q33,2N7002,SOT-23,119.79,-81.6,0.0,top
Q34,2N7002,SOT-23,119.79,-77.8,0.0,top
Q35,2N7002,SOT-23,119.79,-74.0,0.0,top
Q36,2N7002,SOT-23,119.79,-70.2,0.0,top
Q37,2N7002,SOT-23,119.79,-66.4,0.0,top
Q38,2N7002,SOT-23,119.79,-62.6,0.0,top
Q39,2N7002,SOT-23,119.79,-58.8,0.0,top
Q4,2N7002,SOT-23,73.39,-77.8,180.0,top
Q40,2N7002,SOT-23,119.79,-55.0,0.0,top
Q41,2N7002,SOT-23,124.09,-81.6,0.0,top
Q42,2N7002,SOT-23,124.09,-77.8,0.0,top
Q43,2N7002,SOT-23,124.09,-74.0,0.0,top
Q44,2N7002,SOT-23,124.09,-70.2,0.0,top
Q45,2N7002,SOT-23,124.09,-66.4,0.0,top
Q46,2N7002,SOT-23,124.09,-62.6,0.0,top
Q47,2N7002,SOT-23,124.09,-58.8,0.0,top
Q48,2N7002,SOT-23,124.09,-55.0,0.0,top
Q49,2N7002,SOT-23,137.39,-81.6,180.0,top
Q5,2N7002,SOT-23,69.09,-74.0,180.0,top
Q50,2N7002,SOT-23,137.39,-77.8,180.0,top
Q51,2N7002,SOT-23,137.39,-74.0,180.0,top
Q52,2N7002,SOT-23,137.39,-70.2,180.0,top
Q53,2N7002,SOT-23,137.39,-66.4,180.0,top
Q54,2N7002,SOT-23,137.39,-62.6,180.0,top
Q55,2N7002,SOT-23,137.39,-58.8,180.0,top
Q56,2N7002,SOT-23,137.39,-55.0,180.0,top
Q57,2N7002,SOT-23,133.09,-81.6,180.0,top
Q58,2N7002,SOT-23,133.09,-77.8,180.0,top
Q59,2N7002,SOT-23,133.09,-74.0,180.0,top
Q6,2N7002,SOT-23,73.39,-74.0,180.0,top
Q60,2N7002,SOT-23,133.09,-70.2,180.0,top
Q61,2N7002,SOT-23,133.09,-66.4,180.0,top
Q62,2N7002,SOT-23,133.09,-62.6,180.0,top
Q63,2N7002,SOT-23,133.09,-58.8,180.0,top
Q64,2N7002,SOT-23,133.09,-55.0,180.0,top
Q65,2N7002,SOT-23,87.79,-81.6,0.0,top
Q66,2N7002,SOT-23,87.79,-77.8,0.0,top
Q67,2N7002,SOT-23,87.79,-74.0,0.0,top
Q68,2N7002,SOT-23,87.79,-70.2,0.0,top
Q69,2N7002,SOT-23,87.79,-66.4,0.0,top
Q7,2N7002,SOT-23,69.09,-70.2,180.0,top
Q70,2N7002,SOT-23,87.79,-62.6,0.0,top
Q71,2N7002,SOT-23,87.79,-58.8,0.0,top
Q72,2N7002,SOT-23,87.79,-55.0,0.0,top
Q73,2N7002,SOT-23,92.09,-81.6,0.0,top
Q74,2N7002,SOT-23,92.09,-77.8,0.0,top
Q75,2N7002,SOT-23,92.09,-74.0,0.0,top
Q76,2N7002,SOT-23,92.09,-70.2,0.0,top
Q77,2N7002,SOT-23,92.09,-66.4,0.0,top
Q78,2N7002,SOT-23,92.09,-62.6,0.0,top
Q79,2N7002,SOT-23,92.09,-58.8,0.0,top
Q8,2N7002,SOT-23,73.39,-70.2,180.0,top
Q80,2N7002,SOT-23,92.09,-55.0,0.0,top
Q81,2N7002,SOT-23,151.79,-81.6,0.0,top
Q82,2N7002,SOT-23,151.79,-77.8,0.0,top
Q83,2N7002,SOT-23,151.79,-74.0,0.0,top
Q84,2N7002,SOT-23,151.79,-70.2,0.0,top
Q85,2N7002,SOT-23,151.79,-66.4,0.0,top
Q86,2N7002,SOT-23,151.79,-62.6,0.0,top
Q87,2N7002,SOT-23,151.79,-58.8,0.0,top
Q88,2N7002,SOT-23,151.79,-55.0,0.0,top
Q89,2N7002,SOT-23,156.09,-81.6,0.0,top
Q9,2N7002,SOT-23,69.09,-66.4,180.0,top
Q90,2N7002,SOT-23,156.09,-77.8,0.0,top
Q91,2N7002,SOT-23,156.09,-74.0,0.0,top
Q92,2N7002,SOT-23,156.09,-70.2,0.0,top
Q93,2N7002,SOT-23,156.09,-66.4,0.0,top
Q94,2N7002,SOT-23,156.09,-62.6,0.0,top
Q95,2N7002,SOT-23,156.09,-58.8,0.0,top
Q96,2N7002,SOT-23,156.09,-55.0,0.0,top
Q97,2N7002,SOT-23,169.39,-81.6,180.0,top
Q98,2N7002,SOT-23,169.39,-77.8,180.0,top
Q99,2N7002,SOT-23,169.39,-74.0,180.0,top
R1,10kΩ,R_0402,61.69,-104.5,-90.0,top
R10,10kΩ,R_0402,65.49,-101.2,90.0,top
R11,10kΩ,R_0402,69.29,-101.2,90.0,top
R12,10kΩ,R_0402,73.09,-101.2,90.0,top
R13,10kΩ,R_0402,76.89,-101.2,90.0,top
R14,10kΩ,R_0402,80.69,-101.2,90.0,top
R15,10kΩ,R_0402,84.49,-101.2,90.0,top
R156,2.2kΩ,R_0603,72.79,-29.9,0.0,top
R16,10kΩ,R_0402,88.29,-101.2,90.0,top
R17,10kΩ,R_0402,95.49,-104.5,-90.0,top
R18,10kΩ,R_0402,99.29,-104.5,-90.0,top
R19,10kΩ,R_0402,103.09,-104.5,-90.0,top
R2,10kΩ,R_0402,65.49,-104.5,-90.0,top
R20,10kΩ,R_0402,106.89,-104.5,-90.0,top
R21,10kΩ,R_0402,110.69,-104.5,-90.0,top
R22,10kΩ,R_0402,114.49,-104.5,-90.0,top
R23,10kΩ,R_0402,118.29,-104.5,-90.0,top
R24,10kΩ,R_0402,122.09,-104.5,-90.0,top
R25,10kΩ,R_0402,96.69,-104.5,-90.0,top
R26,10kΩ,R_0402,100.49,-104.5,-90.0,top
R27,10kΩ,R_0402,104.29,-104.5,-90.0,top
R28,10kΩ,R_0402,108.09,-104.5,-90.0,top
R29,10kΩ,R_0402,111.89,-104.5,-90.0,top
R3,10kΩ,R_0402,69.29,-104.5,-90.0,top
R30,10kΩ,R_0402,115.69,-104.5,-90.0,top
R31,10kΩ,R_0402,119.49,-104.5,-90.0,top
R32,10kΩ,R_0402,123.29,-104.5,-90.0,top
R33,2.2kΩ,R_0603,88.49,-29.9,180.0,top
R34,2.2kΩ,R_0603,104.79,-29.9,0.0,top
R35,2.2kΩ,R_0603,120.49,-29.9,180.0,top
R36,2.2kΩ,R_0603,136.79,-29.9,0.0,top
R37,2.2kΩ,R_0603,152.49,-29.9,180.0,top
R38,2.2kΩ,R_0603,168.79,-29.9,0.0,top
R39,2.2kΩ,R_0603,184.49,-29.9,180.0,top
R4,10kΩ,R_0402,73.09,-104.5,-90.0,top
R40,2.2kΩ,R_0603,164.6125,-111.8875,0.0,top
R41,2.2kΩ,R_0603,205.7,-79.2,180.0,top
R42,2.2kΩ,R_0603,205.7,-83.2,180.0,top
R43,2.2kΩ,R_0603,205.7,-75.2,180.0,top
R44,2.2kΩ,R_0603,205.7,-71.2,180.0,top
R45,2.2kΩ,R_0603,205.7,-67.2,180.0,top
R46,2.2kΩ,R_0603,205.7,-63.2,180.0,top
R47,2.2kΩ,R_0603,205.7,-59.2,180.0,top
R48,2.2kΩ,R_0603,205.7,-55.2,180.0,top
R5,10kΩ,R_0402,76.89,-104.5,-90.0,top
R6,10kΩ,R_0402,80.69,-104.5,-90.0,top
R7,10kΩ,R_0402,84.49,-104.5,-90.0,top
R8,10kΩ,R_0402,88.29,-104.5,-90.0,top
R9,10kΩ,R_0402,61.69,-101.2,90.0,top
